fips,pm25
36103,10.52022046
72001,-99
72003,-99
72005,-99
72093,-99
72011,-99
72141,-99
72013,-99
72017,-99
72023,-99
72111,-99
72027,-99
72081,-99
72121,-99
72039,-99
72051,-99
72055,-99
72054,-99
72059,-99
72065,-99
72067,-99
72071,-99
72073,-99
72079,-99
72083,-99
72091,-99
72099,-99
72117,-99
72115,-99
72097,-99
72125,-99
72131,-99
72101,-99
72143,-99
72145,-99
72153,-99
72007,-99
72123,-99
72009,-99
72095,-99
72015,-99
72113,-99
72103,-99
72105,-99
72107,-99
72119,-99
72109,-99
72025,-99
72029,-99
72037,-99
72035,-99
72053,-99
72041,-99
72069,-99
72129,-99
72133,-99
72147,-99
72149,-99
72151,-99
72043,-99
72085,-99
72087,-99
72089,-99
72049,-99
72077,-99
72063,-99
72045,-99
72047,-99
72057,-99
72019,-99
72075,-99
72127,-99
72061,-99
72137,-99
72135,-99
72021,-99
72033,-99
72139,-99
72031,-99
25013,9.14218738
25015,7.562240216
25027,7.548492836
25003,6.68767046
25011,6.986736931
25017,9.148380663
25009,8.505168843
25023,7.526749923
25021,8.793149642
25005,7.971071769
25025,9.989255352
25001,7.075202173
25007,7.220806907
25019,8.214802466
44005,7.640802513
44007,8.754229388
44009,7.859245301
44001,8.167514424
44003,8.314656984
33011,7.330707377
33015,7.375582153
33013,6.326241841
33009,5.462675158
33001,6.016261187
33003,5.422252948
33019,5.60219468
33005,6.249219687
33007,4.683882429
23031,6.281765522
33017,6.708004421
23005,6.44231767
23023,5.622166435
23017,5.203837339
23001,6.017636077
23007,4.704602563
23011,5.625526063
23015,5.456313593
23027,4.697406583
23019,5.014141378
23021,4.371401201
23009,4.982588394
23029,4.286095975
23003,3.891122377
23025,4.998863885
23013,5.236769015
50027,6.003181597
50017,5.675416869
50005,5.975869718
50025,6.296315368
50003,5.596581524
50007,7.600360982
50013,7.034266525
50011,6.509332107
50015,5.418576307
50001,6.437199364
50023,5.741563198
50021,5.914025401
50019,5.484149007
50009,5.125631691
9003,9.721791872
9005,7.543045251
9013,7.584525946
9015,7.378633354
9011,8.372238796
9009,9.827115162
9001,10.12827659
9007,8.68440295
34023,11.6988706
34017,12.67316148
34013,11.83090804
34027,10.09556885
34003,12.02895956
34031,11.45425828
34039,11.70937062
34035,10.95397787
34037,9.112258568
34025,11.02161191
34041,9.759341151
34019,10.00449063
34033,11.75533537
34007,12.14743936
34029,10.81570014
34005,10.84776328
34015,11.60274025
34001,10.49616919
34009,11.18091005
34011,10.9651089
34021,11.27134042
36061,13.50329359
36085,11.70157789
36005,12.04006347
36119,10.43302245
36079,8.877651835
36087,10.61970513
36071,9.515530132
36059,11.01613058
36081,11.60642329
36047,11.95565543
36001,9.093008578
36093,8.806068487
36057,7.897424666
36039,7.09514108
36021,7.954542896
36083,7.389728437
36091,7.513916622
36035,6.65900614
36115,6.998378478
36095,6.723300554
36041,5.128438917
36077,6.887796355
36025,6.906458088
36111,8.6733559
36027,9.144766524
36105,7.832518206
36113,6.256726349
36031,5.528348422
36019,5.774048897
36033,5.461587615
36089,6.212494511
36067,8.700977072
36011,7.865340248
36075,7.212310534
36053,6.905058536
36023,6.919810433
36065,7.872694195
36109,7.798283979
36099,8.144481336
36017,7.004206287
36117,7.856141724
36049,6.111314605
36043,6.5417123
36045,6.756088928
36107,8.09178608
36007,8.448007451
36029,9.288858645
36037,7.835376323
36063,8.786743277
36121,6.805117616
36003,6.927076057
36009,7.260704073
36013,8.050194789
36073,7.991232315
36055,8.839309732
36051,7.821569995
36123,7.611589615
36069,7.526686742
36101,7.20201456
36097,7.5014893
36015,8.336221868
42007,12.09850495
42125,12.74242758
42003,13.35714351
42129,13.31408319
42059,11.94805674
42051,12.37420319
42111,9.02306253
42009,9.728599773
42057,9.698391278
42005,11.76322083
42063,10.92167072
42065,9.464890074
42021,8.963199762
42033,8.727173867
42047,7.772717529
42023,7.792102972
42019,10.66578201
42031,9.259365062
42073,11.39863142
42039,8.7161265
42085,10.11649125
42053,8.270055837
42121,8.849100163
42123,8.10362082
42083,7.115605564
42049,9.85015872
42013,9.848388828
42061,9.785527238
42027,9.023921332
42105,6.802490166
42035,9.405969466
42117,7.474709514
42015,8.361547301
42041,11.67310327
42075,11.89064772
42087,10.41882603
42043,12.25022538
42099,10.36599653
42067,10.46691598
42097,10.67219793
42133,11.79611394
42071,12.03489107
42109,10.80628658
42011,11.51420364
42055,10.18863619
42001,10.81143005
42081,9.708766385
42113,7.25055952
42093,11.56362639
42037,9.97729212
42119,10.29055722
42107,9.493236502
42077,11.37158109
42095,11.04138176
42025,9.18979394
42017,10.61548024
42091,11.7141161
42089,8.59373698
42079,9.869167183
42103,8.150821152
42069,9.56197905
42127,7.650184154
42115,7.878552636
42131,8.485604618
42045,12.46942648
42101,12.8553238
-99,8.840183147
42029,11.55386246
10003,12.93206533
10001,11.61129819
10005,11.3455779
11001,12.55401331
51059,11.44500187
24031,11.5305693
51107,10.97027789
51157,9.098828514
51683,11.60050289
51153,10.83815894
51061,9.794799577
51043,9.880971247
24033,12.02006085
51013,12.24868052
24017,10.73760259
24037,10.78609584
24009,10.89796335
24003,11.89347779
24027,11.16377732
24025,11.55728935
24005,11.5147335
24013,10.77822932
24510,13.11474514
24001,10.85837985
24023,8.444826366
24041,11.2304627
24035,11.33674775
24011,11.30333784
24029,11.77626513
24019,11.13767767
24021,11.11917327
24043,10.94621013
24045,11.09312179
24047,11.2032983
24039,10.95109128
24015,11.86782756
51600,11.29411759
51610,11.62647058
51179,10.27674915
51510,12.30230502
51630,11.50564048
51177,9.825095763
51033,9.822259519
51133,10.41542166
51137,9.53580659
51057,10.03580351
51193,10.33156474
51099,10.45517529
51159,10.1486072
51103,10.25714878
51840,10.94814217
51069,9.850890543
51187,9.359024417
51171,9.003353793
51139,8.260387787
51047,9.889894306
51113,9.172926849
51165,8.475622747
51660,10.14607845
51015,8.156514132
51003,9.356252925
51540,10.50588239
51125,8.470668168
51079,8.774439831
51109,9.251645418
51065,9.387518839
51073,10.32791981
51007,9.390385884
51029,9.23649545
51085,9.902543261
51101,10.07129226
51127,10.02692347
51075,9.557119105
51115,10.50311293
51097,9.893951363
51049,9.336128834
51036,10.02360905
51119,10.151357
51087,10.90259708
51095,10.28737582
51145,9.354408438
51041,10.40149402
51760,11.56446907
51830,10.71617649
51001,11.05545377
51093,10.20581742
51131,10.90701153
51550,11.09640435
51800,10.30186527
51810,11.41073066
51710,11.80608049
51700,11.0812612
51650,11.5086058
51735,10.81281013
51199,10.43346843
51740,11.56919643
51149,10.21078537
51730,11.14705888
51025,9.581439062
51053,9.588306678
51135,9.262460614
51175,9.92804216
51181,10.04522831
51081,9.877658545
51183,9.872394323
51147,9.298725677
51117,9.807463012
51037,9.281820736
51011,8.86909395
51111,9.212358805
51770,11.49679546
51161,8.992708313
51141,8.769179681
51089,10.24812951
51750,10.52627453
51121,8.716896072
51019,9.037254132
51067,9.301674924
51023,8.960022651
51143,9.831072931
51045,7.559190176
51063,7.119432799
51155,8.843329264
51071,8.485190353
51690,10.77058815
51775,10.77647055
51520,11.37984314
51191,9.92113152
51195,8.654966572
51051,9.202743171
51105,9.192025394
51167,8.904746966
51027,9.147383967
51169,10.07042282
51077,7.537662871
51173,8.648592418
51035,8.124894996
51197,8.487603096
51021,7.892945631
51185,8.475107502
51790,8.800000079
51017,7.804662844
51091,6.859923768
51163,8.157323602
51005,9.104079277
51680,9.871707534
51031,9.235657903
51083,9.852521066
51009,8.950272286
51590,12.06176469
54055,8.146054579
54109,9.036118384
54047,9.417862314
54059,10.01688366
54025,7.889971887
54089,8.852218295
54075,6.504664044
54063,8.198623663
54019,9.325086684
54039,10.91450499
54087,9.898031018
54081,8.249323369
54005,9.690656089
54079,10.32014427
54015,9.873281901
54045,9.627289879
54067,8.574129806
54053,10.44136756
54035,10.16394326
54013,9.917364098
54021,10.07387884
54003,10.90922757
54037,10.9593571
54065,10.03216588
54027,9.501753068
54043,9.961619948
54011,11.31292933
54099,10.45044558
54069,11.25338959
54009,12.54190744
54051,11.20883149
54029,12.364056
54103,10.34034877
54107,10.92755636
54073,10.38779121
54105,9.792771269
54095,10.54236696
54085,9.935943168
54097,9.297762087
54101,8.165615037
54083,7.544701273
54001,10.0444169
54093,7.375896176
54033,11.23961988
54041,10.1434174
54007,10.16219182
54017,10.12504354
54091,11.06555644
54077,9.588325514
54061,12.0735664
54049,11.38088319
54023,8.619661422
54057,10.50599007
54031,8.843181867
54071,7.435708546
37059,10.84450469
37171,10.35701618
37067,11.42491548
37197,10.56504002
37159,11.48313013
37169,10.42794752
37157,10.85561935
37057,11.31765103
37001,11.03915701
37151,10.90220031
37037,11.0292757
37123,11.02416391
37033,10.44277447
37081,11.54528155
37135,10.87469164
37105,11.55231257
37125,11.16453945
37145,10.15565791
37085,11.23040294
37183,11.78463531
37063,11.78414172
37101,11.00703078
37077,10.30009719
37069,10.24401768
37191,11.21979429
37181,10.21210971
37185,9.925135501
37127,10.54393276
37065,10.5098641
37015,9.612443926
37013,9.233735495
37147,10.37291169
37195,10.99844119
37091,9.764038406
37131,9.87793856
37083,9.989491895
37095,8.876828507
37117,9.802445774
37079,10.4348924
37139,10.56929816
37055,9.490512062
37053,9.497764522
37143,9.466032776
37029,9.514007899
37177,8.985283878
37073,9.580125163
37187,9.294192668
37041,9.714722905
37167,11.32172387
37071,11.46663547
37007,11.22318341
37097,10.92444921
37045,10.93866299
37161,10.87818847
37025,11.91028897
37119,12.58043927
37109,10.98476804
37179,11.32759388
37051,11.83384288
37093,11.01938108
37163,10.94135934
37155,11.07279467
37017,10.70910841
37061,10.17459337
37153,11.2684283
37165,11.30697351
37129,10.58689734
37019,9.997651289
37141,10.09949624
37047,10.28084091
37133,10.0535888
37107,10.75371811
37137,8.914398351
37031,8.964790497
37049,9.787294463
37103,9.425750191
37035,11.19447839
37189,7.804611763
37193,10.108169
37027,10.82388408
37023,10.08416048
37009,7.761289039
37011,7.394216712
37005,8.073441991
37003,10.33848633
37021,9.741675564
37075,8.326503545
37121,8.416373758
37099,7.614674166
37175,7.684304678
37089,9.290956347
37173,7.012286884
37199,8.532017586
37087,7.734518628
37149,10.57769985
37113,7.688974666
37111,9.761094581
37115,8.874443726
37039,9.135344272
37043,9.334702141
45027,10.66801381
45079,12.30179881
45009,10.69207601
45081,10.63835653
45055,11.07714442
45061,10.89678857
45039,10.79471526
45075,10.86072221
45017,10.70423695
45023,10.88240168
45063,11.51196786
45071,10.91780917
45085,11.19575553
45089,10.28713459
45057,10.85984732
45031,11.28843502
45029,10.3726984
45025,10.99420712
45003,11.01241798
45041,10.84720586
45083,11.26572277
45087,10.87707639
45059,10.66537429
45021,11.2210381
45045,11.46083197
45019,11.05168344
45015,10.42329216
45035,10.61287983
45043,10.56239655
45051,10.71639372
45069,11.17739559
45067,10.49418079
45033,10.87148353
45001,10.65034977
45007,10.96772066
45077,11.56003842
45073,11.25017015
45047,10.96702174
45091,11.36369117
45011,10.75254836
45005,10.69931879
45065,10.90551568
45037,10.63051652
45013,10.619891
45049,10.50635982
45053,10.39625827
13089,13.68291725
13135,13.22232094
13121,13.82668915
13067,13.51727289
13013,11.64786044
13247,12.73957881
13217,12.21804146
13297,11.66023528
13117,12.01596721
13159,11.42351095
13057,12.17534261
13015,12.44182324
13233,11.72756157
13115,12.66565643
13045,11.85956795
13143,11.17235923
13097,12.93195445
13223,12.28969626
13129,12.52074863
13227,10.39250512
13085,10.24725514
13149,11.73390957
13171,11.24375333
13113,12.62045463
13231,11.18312109
13255,11.70511936
13035,11.60809158
13199,11.1638452
13077,12.13360619
13151,12.43124993
13285,11.62200505
13063,13.70780175
13293,11.11301969
13107,10.73396968
13209,10.65504469
13309,10.77206567
13163,10.83019077
13031,11.01841392
13109,10.78646699
13267,10.61529888
13251,10.65832811
13033,10.75767307
13279,10.99123734
13043,10.70211387
13165,10.7154225
13175,11.09148466
13283,10.74588212
13139,11.52916529
13011,11.08530094
13291,8.665060838
13111,8.792158634
13147,10.86423234
13157,11.53772849
13119,11.07418456
13123,8.784647242
13137,9.971514708
13241,8.732063107
13311,8.961826431
13187,10.10104574
13257,11.09526456
13281,8.478863823
13059,11.92915164
13221,10.88119585
13219,11.26525705
13211,11.38210647
13105,10.9188073
13195,11.02083956
13265,10.82297949
13133,10.9835189
13317,10.77451111
13213,11.19926391
13295,11.39496654
13313,12.35150012
13047,12.257529
13055,11.2434386
13083,10.291877
13073,11.41651342
13245,12.00370322
13189,10.88683147
13301,10.72827347
13125,10.80138798
13181,10.86232191
13315,11.00200277
13167,10.79160588
13207,11.40398063
13153,11.80662485
13269,10.95121326
13093,11.12062849
13225,11.23561066
13081,11.68380647
13091,10.8098985
13023,10.93804559
13319,11.25172387
13303,10.98937867
13289,11.2886389
13237,11.35435332
13169,11.31430365
13009,11.93925164
13235,11.11041383
13271,10.7721837
13193,11.1015811
13079,11.16672119
13021,12.75447449
13141,10.95168726
13179,10.36632213
13051,11.26763124
13103,10.49221731
13191,10.03293821
13029,10.34499371
13183,10.24516476
13299,10.38585001
13005,10.48949888
13069,10.75840355
13001,10.78748628
13229,10.28759204
13127,10.12137269
13161,10.61863349
13049,9.568548773
13025,9.888592265
13305,10.34919134
13039,9.699262276
13185,10.83134513
13075,10.72190197
13019,10.62428798
13065,9.93823205
13003,10.42296462
13027,10.4673261
13275,10.50508655
13173,10.27780697
13101,9.939304783
13095,11.71109472
13261,10.90828158
13287,10.90442313
13205,10.79310235
13071,10.80820374
13277,10.95614269
13177,11.00779091
13017,10.85544651
13155,10.80902619
13321,10.87402568
13263,11.08383338
13197,10.67842103
13145,11.13636355
13053,11.2441617
13249,10.74546159
13259,11.05891424
13215,12.67114148
13307,10.70609376
12019,9.177952509
12109,9.113425267
12107,8.863263726
12067,9.451415151
12089,9.537937491
12023,9.419112261
12125,9.05945277
12003,9.13071898
12007,8.922551474
12047,9.812564886
12079,9.970769925
12121,9.653244449
12031,9.853325264
12069,8.966228801
12127,8.879054438
12035,8.945494941
12083,8.930947087
12119,9.008639111
12073,10.85969897
12037,9.833094895
12077,9.999154046
12039,10.06699293
12129,9.933805598
12065,10.01209949
12123,9.653036216
12029,9.231999722
12005,10.66909199
12063,10.42416019
12013,9.967056072
12131,10.11591212
12059,10.48120174
12133,10.2299279
12045,9.894901199
12033,10.72347642
12113,10.25124398
12091,10.53077189
12001,9.190966962
12041,9.224531855
12075,9.204390488
12117,9.071754731
12095,9.140350251
12009,8.278091979
12061,7.976590374
12087,7.560570566
12086,8.291334506
12011,8.297535066
12099,7.895853661
12051,8.160405292
12085,8.058464828
12043,8.128613476
12057,9.982459141
12101,9.508595438
12103,10.09445137
12105,9.203689876
12055,8.374874559
12081,9.704539985
12097,8.896988158
12049,8.868420203
12071,8.629737697
12015,8.830339347
12021,8.347026811
12115,9.374347154
12027,8.705105509
12017,9.231683681
12053,9.202814654
12111,7.995739507
12093,8.143187453
1115,12.15991983
1073,13.75314027
1117,12.68053642
1123,11.66272715
1009,11.79302254
1121,12.42753077
1095,11.53790471
1043,11.6999031
1007,11.99871473
1127,11.97941773
1021,11.88992674
1027,11.37618696
1103,11.68844808
1037,11.84138509
1125,12.27787214
1065,11.56663619
1107,10.87318944
1063,11.29867366
1119,10.90545761
1133,11.02220817
1057,11.05785319
1093,10.45550887
1075,10.63998538
1059,10.14973519
1077,11.10393634
1083,11.48298456
1033,11.19923274
1079,11.08354753
1071,10.89091125
1089,12.06690214
1055,12.19161472
1019,12.17633443
1049,10.66002804
1001,11.71258705
1109,10.88573381
1041,10.81846112
1101,12.75182211
1013,10.80414611
1005,10.98196705
1051,11.88318296
1011,11.31355676
1085,11.51676524
1039,10.46682837
1087,11.72926496
1015,12.30684977
1029,11.36288469
1111,11.47472952
1069,11.04480204
1067,10.68915457
1045,10.87222193
1061,10.63804515
1031,10.91688031
1035,10.375138
1099,10.56408426
1053,10.55221065
1131,11.09315092
1025,10.58968739
1097,10.69049756
1003,10.07772305
1129,10.40345423
1047,11.76477617
1091,11.07377767
1105,11.5626755
1081,11.81775128
1113,11.7752765
1017,11.42308266
1023,10.41929561
47147,10.6605499
47037,12.34017462
47041,10.44985587
47187,10.74823386
47021,10.54224452
47189,11.22728965
47031,10.45057152
47117,10.39661214
47003,10.95853676
47165,10.98097972
47161,10.27318346
47081,10.05217034
47015,9.984840277
47043,10.17181354
47159,10.74102523
47149,11.30170092
47125,11.22880203
47169,10.56361907
47083,10.11986033
47085,10.26047166
47111,10.00046441
47135,10.02370539
47177,10.70829023
47103,10.79827812
47119,10.67417507
47061,8.373145965
47065,12.22161525
47107,12.00544173
47051,10.10450993
47139,10.65672
47011,12.38255544
47123,10.77978924
47143,10.23206338
47121,12.01626694
47153,8.897388479
47035,8.333584757
47007,8.563373998
47115,9.973846044
47127,10.51451312
47157,12.256512
47179,11.63104445
47059,11.77520866
47163,11.49331754
47091,8.10977097
47073,11.02548627
47019,10.28206884
47171,8.807277402
47009,12.19911929
47001,11.39003963
47025,9.783152934
47057,10.86353325
47029,11.31929168
47013,9.003583753
47129,9.392510804
47093,12.81073492
47089,11.95396041
47151,8.902372015
47155,11.70453266
47105,12.72263648
47145,12.05229267
47067,10.05918141
47063,11.80472299
47173,10.82370028
47033,10.62484955
47167,10.40952651
47075,10.47013449
47045,11.21565913
47069,9.476036909
47047,9.750011085
47097,10.69901287
47109,9.66978842
47095,11.14620838
47017,9.998715747
47005,10.20070002
47079,10.25531004
47183,10.62629537
47131,10.94740364
47053,10.51034137
47113,10.32289726
47039,10.10313404
47071,10.09253239
47077,9.855354766
47023,9.516920765
47181,9.818131889
47055,10.59800909
47099,10.17973633
47101,9.924390846
47141,10.53865918
47049,8.506954606
47027,10.40169946
47133,9.663884198
47087,10.43974227
47137,9.972234172
47175,9.803490889
47185,10.4468409
28071,9.699740118
28137,10.23214266
28009,9.298565187
28107,9.951628666
28119,10.65327752
28139,9.318077141
28093,9.435194784
28027,10.86781737
28143,10.75529771
28145,9.67674603
28033,10.71203113
28151,10.34458983
28125,10.24428455
28011,10.58654198
28133,10.56340052
28055,10.10744558
28053,10.35367623
28081,10.56767965
28115,9.776497442
28095,10.39566082
28117,10.04025706
28141,9.959538623
28003,9.993580879
28013,9.633255513
28057,10.23366071
28017,10.01036062
28043,9.971348048
28015,9.470901452
28135,10.43442935
28161,9.512777032
28051,9.821855509
28097,9.241063459
28083,10.70469081
28163,9.835091039
28049,10.7979312
28121,9.904310472
28127,9.367262191
28089,10.32048818
28079,9.307839878
28101,9.531101635
28029,9.184846701
28007,9.254793654
28063,9.206153211
28123,9.507124947
28021,9.343723421
28129,9.491235828
28031,9.430625353
28001,10.04331525
28077,9.376533227
28149,9.874284081
28075,10.31796734
28153,10.15749215
28069,9.937489856
28023,9.888391537
28061,9.619701538
28159,9.345246157
28103,10.37451724
28099,9.38646509
28041,9.922211954
28035,10.7802769
28073,9.430594833
28065,9.281482798
28111,9.729395848
28109,9.596782524
28091,9.350847497
28067,10.11983311
28039,9.777072914
28047,10.56880355
28045,9.695749689
28059,10.23698282
28131,9.363683719
28085,9.301793394
28037,9.055528098
28157,9.318542652
28113,9.32783362
28005,9.03395719
28147,9.113081896
28087,10.75811069
28019,9.200922617
28155,9.363680908
28025,10.48635198
28105,10.48449354
13037,10.38291013
13087,10.31218269
13099,10.42722393
13061,10.3280677
13273,10.3513461
13131,9.968894004
13243,10.30396154
13201,10.61022123
13253,10.51070651
13239,10.5804278
13007,10.51912336
21211,10.89973217
21179,10.94032665
21223,10.76306569
21103,10.55023301
21155,10.63494764
21185,11.20633448
21111,13.34852236
21229,10.71140651
21215,10.89615366
21029,11.49073282
21163,10.76044023
21027,10.61457359
21093,10.93234447
21167,10.69084974
21181,10.51689611
21197,10.0205267
21205,9.744803213
21165,9.44702567
21209,10.43647633
21173,10.41350484
21065,10.05795382
21113,11.12942748
21005,10.69303415
21239,10.91522647
21017,10.78781255
21187,10.70105213
21011,10.39922618
21151,10.72087159
21049,10.99566729
21109,9.264958335
21203,9.580337879
21079,10.47746803
21137,9.854971837
21021,10.41559063
21045,9.909631347
21067,12.11495432
21073,12.74720125
21235,9.939068583
21121,9.902478426
21125,10.09735678
21095,8.392917836
21131,9.504539899
21013,9.017453629
21133,9.219179316
21051,10.08292421
21193,10.00150716
21037,13.09750584
21023,10.70866689
21097,10.64642738
21015,11.8339632
21191,10.90001825
21041,11.01554511
21081,10.41421883
21117,13.23124794
21161,10.58495437
21069,10.32750491
21201,10.62522608
21077,11.13121685
21019,11.1737299
21089,10.68818352
21127,10.0713669
21043,9.823525778
21135,9.756115558
21063,9.72006631
21159,10.31997014
21115,10.2587803
21071,10.07137782
21237,9.590525864
21025,9.87394982
21129,10.09485815
21189,9.816590196
21175,9.774510574
21153,9.688137452
21195,9.942983095
21119,9.610187973
21145,11.49189104
21035,10.33442336
21039,10.72567303
21007,10.82783091
21157,10.56763511
21083,10.47994841
21139,10.61449886
21105,10.7988597
21055,10.49507332
21143,10.42536902
21075,10.8825727
21227,11.33620788
21003,10.48943124
21009,10.81781213
21169,10.19753717
21171,10.35853836
21213,11.14460299
21061,10.66737849
21031,11.02404508
21141,10.8831814
21219,10.87615653
21221,10.37396089
21047,10.88883182
21059,11.98944569
21183,11.18297291
21177,11.18237324
21149,11.6879846
21091,11.17017312
21101,12.20752404
21233,11.33241028
21107,11.01785448
21033,10.4530359
21225,11.4355096
21199,10.64753328
21231,10.16341227
21053,10.17534964
21207,10.44508488
21147,9.599902192
21085,10.66768088
21099,10.5368842
21001,10.3947608
21123,10.40495869
21057,10.71780363
21217,11.1235441
21087,10.54861978
39089,10.70772656
39049,12.82604633
39117,10.22650481
39083,10.12397823
39075,10.16897615
39159,11.49636493
39021,10.65475149
39023,11.50318325
39041,11.1811402
39097,11.19934055
39045,10.7047248
39127,10.22731946
39141,10.61192892
39129,11.28501951
39047,11.13278654
39073,9.941555689
39101,11.1882139
39065,10.75198943
39091,10.5999414
39175,10.78006916
39173,11.08371303
39143,11.04153159
39123,11.31795661
39095,12.60957554
39043,11.45081728
39171,10.48539851
39051,10.60161776
39069,11.11141444
39039,11.32479257
39119,10.8552015
39121,10.44042986
39013,11.08275525
39111,10.31773742
39059,10.68825696
39115,10.36433522
39031,10.81928203
39157,10.8117528
39081,11.61900381
39019,10.53147286
39067,10.60142522
39029,10.78964398
39093,11.6743623
39007,9.967574281
39035,12.69237868
39055,9.00202334
39085,11.62425926
39153,11.91177853
39133,10.50528654
39103,10.59865476
39169,10.3596177
39099,11.61154931
39155,10.79109251
39151,11.49649678
39063,10.84414542
39005,9.908991294
39147,10.75960618
39139,10.40411264
39033,10.60802855
39077,10.70218601
39061,13.79006282
39135,11.5689988
39017,13.31308189
39165,12.1697675
39015,11.04589605
39025,11.65591283
39001,10.38072275
39027,11.35480368
39071,10.8039939
39057,12.20344954
39149,11.13658125
39037,11.29375477
39113,13.14332481
39107,11.44381728
39109,11.76484777
39131,10.29245211
39053,10.32134299
39087,10.13977091
39079,10.23949135
39163,9.89751987
39145,10.27388904
39009,10.30496537
39105,10.28673591
39167,10.54489683
39003,11.42007146
39125,11.04117973
39137,10.96351758
39011,11.17429667
39161,11.20296872
18095,12.61429199
18057,12.73184024
18023,11.71207561
18059,12.22836987
18159,11.89085692
18011,11.89503206
18063,12.21346511
18139,11.61315288
18133,11.22266964
18081,12.45472008
18097,14.31655062
18145,12.20561815
18109,11.75265287
18065,11.44073224
18013,10.85387958
18127,11.05259494
18089,12.7478236
18073,10.49892961
18091,10.58026799
18111,10.49284012
18149,10.20977945
18099,10.27946225
18085,10.6339021
18039,10.9254365
18141,11.83874602
18087,9.721020446
18113,10.12364948
18069,11.32096161
18151,9.734117105
18003,12.62076498
18033,10.41594174
18001,11.27564349
18179,11.22923626
18183,10.56846529
18067,12.30204139
18049,10.86337783
18103,11.79567653
18015,11.71190467
18053,11.79767164
18017,11.56869243
18169,11.47768902
18131,10.73799781
18029,11.07335031
18161,11.54255927
18137,10.78084117
18047,11.26759739
18155,10.84520695
18115,11.11747268
18143,11.30494144
18019,12.13414596
18061,10.6765288
18175,10.67066691
18025,10.57973694
18043,11.23643691
18117,10.50815867
18077,10.91416926
18005,12.13106948
18071,11.2210882
18079,11.58515494
18031,11.36936927
18035,12.31107554
18041,11.43249495
18177,11.61820208
18075,11.38086305
18135,11.14633506
18009,11.45830268
18105,11.12434688
18093,10.82359997
18055,11.18096541
18119,10.86870512
18021,11.52489394
18027,11.75776871
18083,11.73146865
18037,11.50256018
18123,10.90361938
18101,11.01529426
18173,11.98200254
18147,11.63354698
18125,11.58200264
18129,11.65494956
18051,11.87367656
18163,13.81966445
18167,12.14615172
18121,11.15717568
18165,11.13211346
18153,11.60451042
18157,12.31239326
18107,11.64520905
18171,10.79910938
18045,11.42829069
18007,10.66639759
18181,11.08841842
26147,9.713471715
26087,8.203851961
26099,11.48778383
26125,10.48303604
26163,12.41779257
26161,10.09963148
26115,10.51370155
26093,8.939839383
26151,8.252623794
26049,9.932948967
26063,7.899416455
26155,8.776831069
26145,9.534945288
26157,8.259193758
26051,6.955671926
26017,8.433642498
26057,8.396223823
26035,6.610211988
26111,8.906965412
26135,5.025914455
26143,5.738444649
26129,5.80282999
26011,7.139396844
26001,5.644197829
26069,6.497977376
26073,8.202752678
26065,10.28809327
26037,8.855647739
26067,8.5560836
26117,7.749625849
26045,9.349997695
26015,8.498482315
26077,10.09276354
26005,9.108589408
26025,9.51252159
26159,9.201229727
26021,10.49935418
26023,9.350393682
26149,9.468159983
26027,9.366412001
26075,9.335484714
26091,9.934119874
26059,9.188585049
26081,9.932873872
26121,8.789331286
26085,6.609618322
26107,6.922902034
26123,7.368838683
26139,9.424177946
26105,7.422209345
26127,7.674481886
26165,5.759001682
26055,6.537133803
26009,5.786900255
26101,7.187246632
26019,6.487848244
26089,6.200000188
26133,6.282061537
26113,5.821387828
26079,5.565846181
26047,5.499539644
26031,5.309260723
26007,5.500305738
26119,5.170836531
26033,4.669984856
26029,5.952864637
26097,4.938890421
26039,5.089188739
26137,5.176042932
26141,5.100616344
26043,5.288236169
26083,3.921314848
26003,4.714361907
26041,5.659375841
26103,4.611031431
26109,5.823341603
26153,5.050631779
26095,4.519200653
26071,4.956726819
26061,4.428307878
26013,4.532396033
26131,4.985305768
26053,4.852806644
19181,8.095546665
19077,8.124380265
19049,8.249307689
19127,8.75115924
19083,8.435765803
19153,9.8374532
19185,7.832755735
19169,8.664509417
19029,8.318296563
19009,8.21986088
19123,9.023687452
19099,8.853684409
19015,8.2395565
19079,7.953012566
19125,8.48991855
19117,7.799929825
19073,7.966278577
19027,8.11391195
19121,7.934793994
19053,7.682539067
19197,7.69588706
19159,7.703985161
19107,9.082698871
19157,9.172771872
19135,8.038240862
19171,9.212933476
19039,7.650571282
19069,8.008141766
19001,8.068838257
19175,7.801056897
19033,8.081905229
19081,7.520881451
19189,7.612053644
19131,8.063356928
19195,7.759083826
19067,8.236330774
19109,7.519062505
19089,8.092771489
19187,7.723812993
19021,7.77176047
19063,7.501768515
19147,7.528257834
19091,7.53559013
19161,7.979261519
19025,7.693982271
19151,7.57269705
19041,7.83039214
19023,8.664255354
19037,8.47331636
19065,8.627956395
19019,9.243690098
19075,8.837483404
19013,9.591727233
19017,8.804277755
19173,7.789795896
19003,7.996927071
19137,8.505392041
19149,8.115428873
19167,7.859149789
19193,8.711198489
19035,8.26467366
19093,8.375028561
19141,7.825165327
19133,8.375858257
19119,7.537679818
19143,7.558711784
19059,7.723289663
19047,8.245642723
19165,8.498572888
19155,8.848455737
19085,8.447680804
19129,8.569169812
19145,8.429947603
19071,8.380962164
19061,9.282322663
19097,9.534949824
19105,9.623767433
19043,8.611472556
19055,9.05742125
19045,10.500174
19191,8.434727941
19005,8.057907473
19183,9.59912251
19113,10.0236533
19095,9.469348783
19011,9.506016468
19031,10.00700604
19103,10.53247372
19179,8.507378757
19101,8.807720534
19177,8.367710423
19051,8.343527824
19007,8.018178007
19057,9.003522652
19111,8.724342566
19115,9.579324481
19087,9.035983888
19139,10.25479271
19163,10.8175515
55117,8.996285057
55131,8.931259901
55027,8.768060781
55089,9.250376727
55133,9.750938078
55039,8.491499334
55015,8.407364259
55071,8.311947062
55055,9.244448764
55059,10.05306417
55101,10.43259163
55079,11.72071398
55127,9.008420612
55105,9.594499524
55045,8.904922556
55049,8.17117635
55065,8.871306795
55025,9.607268186
55103,7.984507634
55043,8.450994607
55021,8.316841975
55111,7.931887962
55023,7.900396532
55001,7.415006608
55077,7.866246403
55047,8.151061862
55057,7.448668897
55095,6.971414859
55109,7.611875039
55093,7.72806587
55005,6.754460907
55083,6.563621718
55075,6.019424224
55041,5.066319744
55087,8.512604799
55115,6.752291673
55009,8.787693253
55037,5.095413127
55078,6.296751663
55061,7.396387141
55029,6.627486118
55073,6.754272249
55141,7.049167571
55097,6.975307773
55067,5.560056897
55019,6.728917359
55119,6.289942641
55069,6.162882759
55099,5.775778074
55085,5.795931655
55125,5.163570918
55003,5.541919462
55051,5.020888766
55107,6.310992259
55063,8.139995446
55011,7.437123308
55053,7.361560463
55121,7.342189331
55081,7.729022498
55123,7.469811606
55035,7.704279198
55091,7.591613731
55017,6.958385248
55033,7.229355105
55129,6.200333645
55013,6.526506398
55007,5.355594371
55031,5.732999849
55113,5.897094288
55139,8.8340122
55135,7.378138347
55137,7.443643598
27163,8.859318245
27003,8.733372623
27065,6.781950539
27059,7.512458965
27049,8.05626504
27037,9.088786462
27025,7.681259411
27131,8.040380133
27139,8.483137029
27115,6.295376651
27157,7.753153701
27147,7.892755519
27123,9.859358305
27053,9.352035043
27171,8.268637461
27143,7.826386206
27141,7.502180169
27129,7.229435412
27085,7.723619588
27019,8.304209507
27145,7.269997405
27093,7.123969484
27095,6.756215474
27075,4.850804049
27137,5.042096137
27031,3.520110088
27017,5.557633123
27061,5.039891559
27001,5.559376543
27109,8.212936751
27099,7.755541525
27169,7.967053267
27055,7.684165882
27045,7.739402685
27039,7.78953989
27013,8.281447379
27103,7.890019518
27047,7.773633761
27043,7.793244002
27079,8.002824853
27033,7.238257356
27165,7.726013285
27015,7.716573002
27091,7.531070136
27161,7.939900394
27127,7.309027131
27105,7.01414398
27063,7.424827774
27081,6.070345503
27101,6.881908061
27083,6.832616284
27133,7.08650122
27117,6.715763929
27067,6.937752425
27149,6.404498562
27151,6.75135101
27011,6.487693942
27073,6.696778023
27155,6.328120813
27173,6.905972969
27023,6.871855727
27051,6.293490046
27041,6.010324196
27097,6.291011026
27153,5.960819194
27121,6.363287614
27111,5.820693243
27009,6.808032512
27035,5.790197779
27021,5.335277474
27057,5.051844853
27159,5.648858041
27005,5.352681882
27107,5.431918866
27027,6.233590156
27087,5.054069334
27119,5.210309541
27167,6.065024564
27007,4.968742097
27029,4.828100871
27077,4.108595354
27071,4.389472727
27135,4.523920394
27113,5.036050142
27089,4.954733449
27125,5.172364444
27069,4.997481764
46127,7.927381189
46011,6.335696813
46099,7.781178935
46083,7.104041162
46027,7.179859661
46087,6.313666983
46125,6.661157806
46079,6.039650499
46101,6.550552198
46067,6.064040547
46135,6.618338544
46077,5.955616333
46009,5.945471055
46029,5.49557959
46039,5.669382206
46051,6.045977879
46025,5.558779723
46037,5.324904284
46057,5.88261158
46109,5.914392404
46091,5.252177715
46035,6.017345391
46061,6.366031672
46005,6.059722187
46043,5.457996168
46111,6.095775536
46053,4.51702475
46097,6.221510856
46015,5.321854163
46023,5.435302644
46017,5.038887073
46069,4.56313533
46059,5.152048057
46085,4.874684156
46003,5.348520227
46073,4.994027059
46013,5.798036782
46129,4.502502217
46115,5.933806241
46045,4.742078924
46049,4.898293452
46089,4.514149188
46107,4.353627378
46065,4.747725518
46119,4.538531484
46071,4.400878161
46123,4.536314041
46075,4.453833313
46117,4.565042373
46007,3.797967475
46055,4.073253796
46121,4.184033076
46095,4.532302558
46105,3.470788781
46031,3.900010329
46137,4.238501448
46041,4.039570937
46093,4.059250713
46021,4.501283468
46063,3.439371386
46103,3.908569517
46113,4.149660258
46019,4.199174745
46033,3.477902745
46081,3.329430012
46047,4.275558344
38077,5.964568198
38017,6.121176231
38097,5.131688933
38081,5.45525103
38073,5.20348271
38091,4.558474961
38003,4.701292829
38035,5.446055169
38099,4.677236595
38063,4.294105787
38067,5.012468506
38019,4.444749344
38071,4.592470505
38079,4.460503694
38069,4.679276583
38095,4.753786775
38009,4.967915023
38005,4.487748843
38103,4.232853654
38027,4.37829907
38093,4.647391466
38051,4.093205265
38045,4.686244847
38039,4.473925989
38031,4.37931551
38043,4.131007697
38083,4.172220437
38021,5.023503197
38047,4.079995445
38015,4.49654711
38059,3.760757587
38057,4.125690788
38029,4.161018027
38085,4.054035292
38037,3.574554859
38065,4.011586468
38055,4.325791387
38089,3.636414068
38087,3.391403123
38033,3.353001106
38011,3.350030583
38025,3.849294578
38007,3.601703361
38053,3.950249523
38001,3.297134353
38041,3.377669787
38101,5.062540299
38049,4.77539506
38013,4.858076511
38023,4.421571047
38075,4.920460471
38105,4.312902162
38061,4.42357871
30095,3.866170038
30111,4.73928473
30087,3.724699309
30009,4.531947466
30103,3.770096231
30097,3.744833769
30003,3.86281081
30067,3.798741666
30027,3.222593372
30107,4.059410175
30037,3.42522902
30059,3.016870854
30065,3.563589658
30033,3.407636488
30075,3.555144924
30069,3.652026668
30085,3.832193918
30091,4.073845995
30055,3.529413507
30083,3.888592873
30019,3.56843095
30105,3.365298031
30021,3.359926877
30071,3.404016272
30017,3.712969324
30011,3.550910853
30025,3.29880695
30079,3.632425809
30109,3.314704692
30013,4.491246085
30049,5.847387473
30035,2.629831614
30073,3.452389632
30099,3.672414108
30015,3.656888499
30101,3.199855247
30045,3.189314268
30051,3.052429189
30041,3.380106304
30005,3.311562981
30043,3.406260419
30007,4.302152342
30093,4.504017297
30057,4.006922924
30023,3.831862903
30077,4.359654555
30031,5.257844942
30001,3.724529183
30063,6.341422196
30061,4.742079873
30047,5.635564093
30081,6.010502496
30089,4.531800561
30039,4.181048534
30029,5.150802107
30053,3.950554922
17111,9.951018652
17097,11.55953185
17031,13.37031
17043,12.58027872
17089,10.91222771
17037,9.494144372
17141,9.421147591
17197,11.29128273
17063,10.05546972
17105,9.527916343
17093,10.03700935
17099,9.681791633
17103,9.476453535
17091,10.25102285
17075,10.21817798
17053,9.650164513
17183,10.56304559
17019,10.45882629
17085,9.141338766
17007,9.231431822
17177,9.390602578
17015,9.663298006
17201,10.55128712
17195,10.00779237
17161,10.71207886
17131,9.690680158
17073,9.674403183
17011,9.676934215
17155,9.427068481
17123,9.254196503
17095,9.360686326
17109,8.909482186
17057,9.036306587
17187,9.214284766
17071,9.216848508
17175,9.347602242
17067,8.808628077
17143,11.00000832
17169,8.812570933
17203,9.222775206
17125,9.39080359
17179,9.849874467
17113,9.731284174
17107,9.647994037
17039,9.423075476
17115,10.16841391
17147,9.714205003
17041,10.32007962
17139,9.970143688
17029,10.24695819
17045,10.74949069
17173,10.03859725
17119,11.10196579
17013,9.135048548
17117,9.660505428
17051,10.2730896
17083,9.677238587
17135,9.886663966
17061,9.332448549
17005,10.33803413
17163,11.66727303
17021,9.807184517
17189,10.49764187
17027,10.70562102
17157,10.36537711
17133,10.24534017
17145,10.43968463
17077,10.39271335
17001,8.885081583
17149,8.77965915
17009,8.667714362
17049,10.45608534
17185,11.60634547
17033,11.40724236
17101,11.50713701
17159,11.34383924
17023,11.04657737
17025,10.8323666
17035,10.54018766
17079,11.0687588
17191,11.14182739
17047,11.58616977
17167,11.29131267
17137,9.444506889
17171,9.158521676
17017,9.162917384
17129,9.35171162
17121,10.44925301
17055,10.91296739
17081,10.54157007
17065,11.10606335
17193,11.57389562
17199,11.01699446
17059,11.28378714
17181,9.999460037
17127,10.78708477
17087,10.16363555
17003,10.76763577
17165,11.23054264
17069,10.58808783
17151,10.20682963
17153,10.84639533
29189,12.16647114
29099,9.705028253
29071,8.476217134
29221,7.959324594
29187,8.175124657
29073,7.547733081
29510,13.3318633
29183,10.30464174
29163,8.58999866
29139,7.977866982
29219,8.422007308
29113,8.821099921
29007,8.170300194
29027,7.798962012
29127,8.626388754
29045,8.376003326
29121,7.983109446
29199,8.201953434
29205,8.245418966
29111,8.421795459
29173,8.496872786
29103,8.138088748
29001,7.897272376
29197,7.920473187
29211,7.734124878
29171,7.76667654
29115,7.997250271
29093,7.669394429
29179,7.587169818
29186,9.351255491
29123,8.321898025
29017,9.336191015
29031,10.43964561
29207,10.67575136
29157,10.17968205
29201,10.79124938
29223,8.756114781
29133,10.9075454
29069,11.11491233
29155,11.18842859
29143,11.11761982
29023,10.78633626
29181,9.29993494
29035,8.144760139
29107,8.636262196
29095,10.27576661
29037,8.727611611
29177,8.578282085
29165,8.962006035
29101,8.488533307
29047,9.41430661
29021,8.912250997
29075,7.882761465
29227,7.620873581
29003,7.958838884
29063,8.017180812
29147,7.88822616
29081,7.681394168
29087,8.048760325
29005,8.171131159
29049,8.327362537
29117,8.123428487
29061,7.898775907
29033,8.253741713
29025,8.042938244
29129,7.618872281
29079,7.934582791
29041,8.237173161
29013,8.523980666
29185,8.004447483
29083,8.4342339
29217,8.359541621
29039,7.889722329
29011,8.578578726
29097,8.865822826
29145,8.375039622
29119,8.286557002
29109,7.99584661
29009,7.80447511
29151,7.582008736
29019,8.923698786
29141,7.58704711
29125,7.268619955
29131,7.499578369
29135,7.878748917
29029,7.460282566
29051,9.307880767
29053,8.081259166
29089,8.148951197
29175,8.053336764
29137,8.27098973
29159,8.351325874
29195,8.330853276
29015,7.668190528
29161,7.664284566
29203,7.518210032
29065,7.089030935
29055,7.395071634
29215,6.902685943
29169,7.222822816
29105,7.044623954
29091,7.382228403
29059,7.319602649
29167,7.76052723
29057,8.023847457
29077,8.674975111
29149,8.05449974
29067,7.214264159
29153,7.585279342
29043,7.497638172
29209,7.839415547
29213,7.961114537
29085,7.515929171
29225,6.961222384
29229,6.846199052
20005,7.490829711
20045,8.281407998
20103,8.504531112
20043,8.165294595
20107,8.177546228
20121,8.425112525
20003,7.971038578
20091,9.760129723
20059,7.94672945
20087,7.486004545
20209,10.54922426
20197,6.662199953
20177,8.773687657
20117,6.466294228
20131,6.739896774
20149,6.653297172
20139,7.317369421
20085,6.990371866
20013,7.347142829
20061,6.463955005
20161,7.091762097
20011,8.305735719
20205,8.250061966
20037,8.508998988
20021,8.949257856
20133,8.482196494
20001,8.226849557
20207,7.917167631
20111,7.007742455
20127,6.289467498
20031,7.53997286
20017,6.694413999
20015,7.116425801
20115,6.386935256
20073,7.485156717
20029,5.911095881
20157,5.996168866
20183,5.726932054
20201,6.126867035
20089,5.806112257
20173,8.069299469
20077,6.987014857
20191,7.351696152
20035,7.546489572
20079,6.849104015
20151,6.123099253
20019,8.134965759
20033,6.06663264
20095,6.627324911
20097,5.884963609
20007,6.54865801
20113,6.201606759
20125,8.575714936
20099,8.699925289
20049,7.773960258
20169,6.540280907
20041,6.30931488
20105,5.985913484
20123,5.908614501
20143,6.014319041
20159,5.955760701
20027,6.190422072
20141,5.826951986
20053,5.742195942
20155,6.645219308
20009,5.793963045
20165,5.819090442
20135,5.821460853
20047,5.919276572
20145,5.872519424
20185,6.082258732
20051,5.969596764
20147,5.619087998
20137,5.29975741
20065,5.60813908
20167,5.868360565
20195,5.711349486
20163,5.789849525
20039,5.091615171
20193,4.873795895
20153,4.785399917
20023,4.544328682
20181,4.697258949
20063,5.566453767
20179,5.231605639
20109,5.329611864
20199,5.3091971
20057,6.039598343
20025,6.206284957
20055,5.814741243
20075,5.721180555
20069,5.835061078
20093,5.598005133
20101,5.628531344
20119,6.116579293
20083,6.035630891
20187,5.571923664
20175,6.384666229
20203,5.346237874
20171,5.51468853
20081,5.806376161
20071,5.300010616
20067,5.776833019
20129,5.468760741
20189,5.658881179
31023,6.899999688
31177,8.500561743
31155,7.709476323
31039,7.647162297
31153,8.580571829
31055,9.756989797
31025,7.987929624
31021,8.220187786
31053,8.046886379
31043,8.24044218
31173,8.057357316
31067,6.695881549
31169,6.26893219
31127,7.689839508
31159,6.690135201
31185,6.276046368
31109,7.832740695
31133,6.715105482
31131,7.533361071
31097,6.917094988
31151,6.617197908
31147,7.670551049
31095,6.41884752
31059,6.310106136
31035,5.827332351
31141,7.23575148
31011,5.548617265
31183,4.764876071
31125,5.739627247
31121,5.806299446
31037,7.144053218
31003,5.464386176
31143,6.318933999
31077,5.167056646
31119,6.681255755
31051,7.39683087
31089,4.660390332
31149,4.237925917
31027,6.655869935
31107,5.715037546
31015,4.827462974
31179,6.743079098
31139,6.296551818
31103,4.254080881
31167,6.962171219
31079,5.960584473
31019,5.535678996
31041,4.598114139
31175,4.976834477
31163,5.262686228
31081,5.725793689
31093,5.467016595
31009,4.206581828
31071,4.493283473
31047,4.92407939
31115,4.378562511
31001,5.957844961
31083,5.411048182
31065,5.269156404
31137,5.27820755
31099,5.420101266
31181,5.651915462
31061,5.486584971
31073,4.945174234
31129,5.846412968
31145,5.032315035
31057,4.467569746
31029,4.226215414
31087,4.706935203
31063,4.712539439
31085,4.34826028
31111,4.445331604
31005,3.791901928
31049,3.914935328
31123,4.331961727
31101,4.155973804
31105,3.694467914
31033,3.843864824
31135,4.016937874
31017,4.019144052
31171,4.034515342
31069,4.362059024
31091,3.9057031
31113,4.03423972
31117,3.908495388
31031,3.930296743
31013,3.815539091
31075,3.788800069
31161,3.956059324
31045,4.10742408
31157,5.609930329
31007,4.00341488
31165,3.861885594
22051,11.13470318
22089,9.982316612
22087,10.29338835
22075,9.462658643
22095,10.49452076
22093,10.28833737
22071,11.39215596
22057,9.824687216
22007,9.887196355
22101,10.32925964
22109,9.766461067
22005,10.39707481
22099,10.22419598
22105,9.870136635
22103,9.752234443
22091,9.520283446
22117,9.796326765
22063,10.12560686
22055,10.72026213
22113,9.859195534
22097,10.24727508
22045,10.01246291
22001,10.00713458
22039,9.707751799
22053,9.792150616
22019,10.20630095
22023,9.579400896
22011,9.217790514
22003,9.405004616
22115,8.910295238
22033,11.3349904
22121,10.35021492
22125,9.640291743
22077,10.15046013
22047,10.23287779
22037,9.459576371
22013,8.789032904
22069,9.191017932
22027,8.654884781
22017,9.9988259
22015,9.300548191
22119,8.931775755
22081,8.883949476
22031,8.55695852
22085,8.642733974
22073,11.00788262
22083,9.912022573
22041,9.856712424
22067,9.918870082
22111,9.072037756
22049,9.073302903
22061,9.326724959
22065,10.35306197
22123,10.00074582
22035,10.0107782
22079,9.75274601
22029,10.00134102
22009,9.645645373
22107,9.817247257
22025,9.539244793
22059,9.135673725
22127,9.144804582
22043,9.208342022
22021,9.173855995
5069,10.37264689
5041,10.35381494
5011,9.067634216
5003,9.762337659
5043,9.826544444
5017,10.24029355
5079,10.01173642
5025,9.172375144
5103,9.016797068
5019,9.109420303
5099,8.581559378
5139,9.17385512
5039,8.852255515
5027,8.879586184
5013,8.955094637
5057,8.732721899
5081,8.672032374
5133,8.456742098
5073,8.646043044
5061,8.376883598
5091,8.601396779
5051,8.870259421
5109,8.298490348
5059,8.934679604
5113,7.677379197
5097,7.979071736
5105,9.097656623
5125,9.688118046
5001,10.46756225
5067,10.73569328
5147,10.92521444
5085,10.30629469
5145,10.36890721
5141,8.153599681
5117,10.72672309
5095,11.14870388
5029,9.330304115
5045,9.934751884
5023,8.594184142
5137,7.864113009
5119,11.07681369
5053,9.254329977
5063,9.533271739
5035,11.55499047
5093,11.26294033
5077,10.74001383
5107,10.63581754
5123,11.08508914
5037,11.16664473
5111,11.21016938
5031,11.39696382
5075,10.22206736
5055,11.41301244
5121,9.821245207
5021,10.98731441
5135,8.612539412
5065,8.165722877
5049,7.967527788
5005,8.230679471
5009,7.952070151
5015,7.634725929
5089,7.860516491
5101,7.315229833
5129,7.620356013
5115,9.094495436
5143,8.463997643
5007,8.56029382
5087,7.132664577
5047,9.000432885
5149,8.787024772
5083,8.732940626
5071,8.427811009
5127,7.911078955
5131,9.862247721
5033,8.600751607
40015,6.569019503
40051,7.433284226
40109,9.231354476
40087,7.681490833
40017,7.633674917
40073,7.564843431
40027,8.492617071
40149,6.11119443
40083,7.749449127
40099,8.130092291
40011,6.625312112
40075,6.334295243
40049,7.940744151
40137,7.936416749
40103,8.072775857
40039,6.140753318
48453,9.338570016
40019,8.311304157
40085,8.24141693
40069,8.296954423
40095,8.62609558
40013,8.950743444
40067,7.719927993
40031,7.421144044
40065,6.709197978
40141,6.577835548
40033,7.069906725
40057,6.052263372
40055,6.187034715
40009,6.177797234
40129,5.863421731
40043,5.881000778
40047,7.712242521
40003,7.077475579
40151,6.67293646
40093,6.851896944
40053,7.484247988
40153,6.381293645
40045,6.155581269
40059,6.241219933
40007,6.12380846
40139,5.787049416
40025,5.094209039
40113,8.497812891
40147,9.416384427
40143,10.4743614
40037,8.690119785
40145,9.941517997
40131,9.906227918
40117,8.271291253
40119,8.747044557
40081,8.06728731
40105,9.08977164
40111,8.829112843
40035,9.366733978
40097,9.698077489
40041,8.855735879
40115,9.565818033
40101,9.578551428
40121,8.824000124
40091,9.141821656
40021,8.675493989
40135,9.018818106
40061,9.028436229
40001,8.28299847
40127,7.9679061
40005,8.262914027
40063,8.307298825
40029,8.474286364
40077,8.136696174
40079,8.51848785
40071,8.144635343
40089,8.266603313
40023,8.677622904
40125,8.159772919
40133,8.303918888
40123,8.182796777
40107,8.358526479
48113,11.01961791
48085,10.26965736
48121,10.28227108
48181,9.210793756
48397,9.847810593
48439,10.57744325
48139,9.627233617
48349,9.22056345
48467,8.741721081
48257,9.514087402
48213,8.499417706
48231,9.604057848
48499,8.500503143
48277,9.021178286
48387,8.704235435
48147,9.036092508
48119,9.104194767
48223,8.974889869
48379,8.940012002
48063,8.536947853
48449,9.151894649
48159,8.645212983
48037,9.238638656
48067,8.539987103
48315,8.613419348
48343,8.589456891
48183,9.338840119
48203,8.635348424
48365,8.346993388
48459,8.445065572
48401,8.193237649
48073,8.083549227
48423,8.708620638
48347,8.366347136
48001,8.255828295
48289,7.9091612
48455,8.382414471
48225,8.111341376
48161,8.386269355
48313,8.224119591
48005,8.662288484
48351,8.980305423
48405,8.423601377
48403,8.618900546
48241,8.796974443
48373,8.511587188
48419,8.402584485
48457,8.585684015
48367,8.302442907
48251,9.315130584
48497,8.575323221
48221,8.161236627
48425,8.28794516
48217,8.73618525
48363,7.19664212
48077,7.50090556
48337,7.750664837
48097,8.844385436
48485,8.129889885
48009,7.148582588
48487,6.846922573
48275,6.167646164
48503,6.649060346
48023,6.431648384
48207,6.072251888
48143,7.132372531
48429,6.376882755
48237,6.916249356
48417,6.413067059
48049,6.661978465
48133,6.220070912
48093,6.731314877
48059,5.961760522
48447,6.496966129
48027,8.531275103
48331,7.981120662
48281,7.104590691
48145,8.338670357
48193,6.957661896
48099,7.724272344
48491,8.234447628
48309,9.160560582
48395,8.027483005
48035,7.868615027
48293,8.324536487
48319,6.369124712
48399,6.554097713
48411,6.293895839
48307,6.4464108
48083,6.21315072
48299,7.070212368
48095,6.979759451
48327,6.664622093
48333,6.481683841
48267,7.348307659
48451,7.969723416
48235,7.959059036
48383,7.793854965
48081,6.669250408
48413,7.55697453
48105,8.654316859
48435,8.538082405
48431,7.193871081
48201,11.36440283
48157,9.5442244
48339,9.328427643
48471,8.799052018
48291,9.034642881
48407,8.790912925
48185,8.154393824
48199,9.033879619
48321,7.685892498
48089,8.06313998
48015,8.086628563
48481,7.889397777
48039,9.151693688
48473,8.338912358
48477,8.559468244
48167,10.18284293
48071,9.403590941
48361,9.831409798
48245,9.998740257
48041,9.077858134
48051,7.916777788
48287,7.716846281
48469,8.074636301
48391,7.583147164
48123,7.533256704
48239,7.680823058
48175,7.504535122
48285,7.655112752
48057,7.499466977
48283,8.14225097
48029,9.311781574
48019,6.645911379
48259,7.297425226
48163,7.503841443
48311,8.723685588
48013,8.164720439
48325,7.668903901
48265,6.767558232
48297,8.435118117
48479,9.811905758
48505,9.533999116
48091,8.289053982
48025,7.997449436
48187,8.726897291
48255,8.022116029
48493,8.060967117
48177,7.878543198
48355,8.999341002
48249,8.483798058
48409,7.972049864
48261,8.216684249
48131,8.050566686
48047,8.265955743
48007,8.373158376
48247,8.416271932
48273,8.793281192
48215,10.18402441
48061,9.53194688
48427,9.179248321
48489,8.813564067
48021,7.571007676
48053,7.091257966
48031,6.85009616
48209,8.083029026
48055,8.201823036
48171,6.292627098
48463,7.569405595
48127,8.522658936
48137,7.585509572
48507,7.965503755
48271,9.85824621
48385,6.608327511
48465,11.85089912
48443,8.90169854
48323,11.2251121
48149,7.787546622
48359,5.064874007
48179,5.776028287
48483,5.677682572
48295,6.211747804
48233,6.263520478
48369,4.654478944
48375,6.350125556
48341,5.298284428
48211,6.152814911
48381,5.484778922
48205,4.924278293
48011,5.281081072
48189,5.528854932
48111,4.925433481
48117,4.735044609
48069,4.88256703
48279,4.990507907
48357,5.756616148
48065,5.288854017
48195,5.741732806
48437,4.968438027
48393,6.075053474
48087,5.672738927
48421,5.399125628
48075,5.936335829
48125,5.342042166
48153,5.087748287
48101,5.75294116
48197,6.148352331
48129,5.38110568
48155,6.113407704
48191,5.748482165
48345,5.512865431
48269,5.955693078
48045,5.409109354
48219,5.173560692
48079,4.590232984
48445,4.97018168
48017,4.628029461
48107,5.263110757
48501,4.804754304
48303,6.493800027
48169,5.913063911
48115,5.467797924
48165,5.05780226
48305,5.25599865
48253,6.170894187
48433,6.055843113
48353,5.944890074
48441,6.81058219
48227,6.705658011
48335,6.323428526
48415,6.195663814
48033,5.915498576
48263,5.797124302
48151,5.993474948
48329,7.054965216
48003,5.264430676
48389,6.357606695
48475,6.152012789
48371,7.599489312
48103,6.639914853
48243,5.160364485
48173,6.801031644
48135,6.445186838
48495,5.529958244
48317,5.745885064
48461,7.384104056
48301,5.685412327
48141,8.928883631
48043,7.13690828
48229,5.875534058
48377,8.067246147
48109,5.90408359
8059,6.778278646
8001,6.854229064
8005,7.260193757
8014,7.227603503
8013,6.68285114
8039,4.243820033
8035,5.398773034
8041,5.904849728
8031,8.145698401
8047,3.620497256
8093,3.028223236
8037,4.895091604
8117,3.346916151
8107,4.579975053
8057,3.778536912
8019,3.267282582
8049,3.534351931
8065,2.717851271
8123,5.312417214
8069,5.58499212
8087,4.774870756
8121,4.31698646
8095,3.862338435
8075,4.353740544
8125,4.381081387
8115,3.923752662
8017,5.346285456
8073,4.919053932
8063,4.565708666
8119,2.830582289
8101,6.513368912
8071,4.748447527
8061,5.699838716
8009,5.248239073
8089,6.867450843
8025,6.077255307
8011,6.208809669
8055,3.605090331
8099,5.910625986
8003,4.693109659
8021,4.022779476
8007,3.937135634
8067,3.601389671
8023,3.719450709
8109,3.471087372
8079,2.441585454
8105,3.95079988
8015,3.875214724
8051,3.506246985
8043,5.517515289
8085,4.436528667
8053,2.317271157
8027,2.73690762
8033,2.884292057
8083,3.101937365
8113,2.910592849
8029,4.963167183
8091,2.719654891
8111,2.060172494
8077,5.447921672
8045,5.140989987
8081,4.472072576
8097,4.347888328
8103,3.683797956
56021,3.956339029
56001,3.576202528
56029,4.14223616
56031,4.454323933
56015,4.792037915
56027,3.862951161
56009,3.861694058
56007,4.280754812
56013,4.797007469
56037,4.896374725
56043,5.025528647
56003,4.876439264
56017,3.508146817
56025,4.70038962
56019,4.272054297
56045,3.424541548
56011,3.416330048
56005,3.521817096
56033,4.11905245
56035,3.655961711
56041,5.088060278
56039,3.867683132
56023,4.476519119
16005,5.94835943
16077,4.158222633
16011,5.242496293
16023,4.83838342
16029,4.385286732
16007,4.734609161
16037,3.654460123
16041,5.287009141
16059,5.175403034
16071,4.191843622
16019,5.263564603
16083,5.489970985
16031,4.48063463
16013,4.774494686
16047,5.69969332
16025,3.62406274
16063,4.837500251
16053,5.466261371
16067,5.333490333
16043,5.312679792
16081,4.437976557
16033,3.969658971
16051,5.693563603
16065,6.20238444
16069,4.603031459
16035,4.249039149
16049,4.392891393
16061,3.118753681
16057,4.08660799
16039,5.143462358
16015,3.656402071
16073,4.819884721
16027,6.862942579
16087,4.326791897
16085,3.491489956
16003,4.026226869
16001,8.154109035
16045,5.077918977
16075,5.896200028
16055,5.002546446
16079,4.169255264
16017,4.905035438
16021,4.333608049
16009,3.956180662
49013,5.111487259
49049,7.939933638
49035,9.755179371
49047,6.499588606
49011,7.8237057
49043,5.457151432
49029,4.347884601
49045,4.518808712
49009,4.010400535
49033,4.122509897
49051,4.477753044
49057,7.996270974
49003,5.947708028
49005,6.957386607
49007,5.007846713
49037,3.854793488
49015,5.133298678
49019,4.648353248
49041,6.280154343
49039,5.456222328
49027,5.405562227
49023,5.353377895
49025,3.552461917
49017,3.889842184
49001,4.880344145
49021,4.242528343
49055,3.841723544
49053,5.91402949
49031,5.197528382
4013,8.962004764
4021,5.904037972
4007,4.903205292
4019,6.82657535
4025,4.998343449
4012,9.275482814
4027,11.34811686
4015,7.18181326
4009,5.173631092
4011,4.271181973
4003,4.964934154
4023,4.26749601
4017,3.936172559
4001,3.366836054
4005,3.955363816
35043,3.891220888
35061,4.055057633
35006,3.483083157
35053,4.050901462
35001,5.826104886
35057,3.163323491
35049,4.451121916
35039,4.279804297
35045,3.668922561
35031,3.756591679
35055,3.690719233
35047,3.684821535
35028,5.129411753
35007,4.05707393
35019,3.850597843
35033,3.576242165
35021,4.113639263
35003,3.437507841
35051,4.265605546
35013,6.457666983
35023,5.41006143
35017,4.528079103
35029,6.31768444
35009,4.686010258
35041,4.236477316
35025,4.95795065
35011,3.994541566
35037,4.230731244
35005,5.244821793
35015,6.141364837
35027,3.824569587
35035,4.436136048
35059,4.220532254
32003,8.126409578
32017,4.667985329
32023,5.432576601
32009,5.158527464
32033,4.500219392
32015,3.70916495
32011,3.774521544
32031,6.804261244
32019,5.130305378
32013,4.846603421
32001,6.797003315
32005,4.866422722
32021,4.959297283
32027,3.777516139
32029,3.837580407
32510,8.523584888
32007,4.150706635
6037,15.71827413
6059,15.78601826
6111,12.83576324
6071,10.88724081
6065,11.74302734
6073,10.92602404
6025,10.30951915
6027,7.464697812
6083,9.921114005
6107,14.49867631
6031,13.68496289
6029,11.85500384
6019,15.50999869
6079,8.389012775
6053,7.577765376
6051,4.472426411
6039,11.38116014
6047,12.86377578
6043,9.068183552
6081,8.945702338
6085,10.11247486
6075,9.518598822
6067,11.46082315
6001,9.714576931
6055,5.79007833
6013,8.672508593
6095,8.898932504
6041,6.990129307
6097,6.235176939
6087,7.745986114
6069,7.816395954
6077,11.03595566
6009,7.975916925
6099,12.27723964
6109,7.79319366
6045,3.615878576
6033,3.137920401
6023,4.281451995
6105,2.860413458
6015,4.509526952
6093,3.648281519
6005,7.277089903
6061,6.885434611
6113,8.452100094
6017,6.110664199
6101,9.445994114
6115,7.633749392
6057,5.404761784
6091,3.884384485
6011,7.245094107
6021,7.081387801
6007,7.732645562
6063,4.047908977
6089,6.22649155
6049,4.007090927
6035,4.502212604
6103,6.36885143
6003,3.168467112
41065,3.790140688
41047,5.089255234
41005,5.286670359
41067,5.451751219
41051,7.252604458
41027,2.92907946
41009,4.190100917
41055,4.59013442
41071,3.853359508
41007,3.265254478
41057,3.12241289
41053,3.803351994
41043,4.172593969
41003,4.385722352
41041,3.081699325
41039,3.987234573
41015,2.779578845
41011,2.84218348
41019,3.485263644
41033,3.816393079
41029,4.556004001
41035,3.763936001
41037,3.370658648
41017,4.138308761
41025,3.893291848
41031,3.371339764
41069,2.759646048
41013,3.337996802
41059,4.831978155
41021,4.794715395
41001,3.992748291
41023,3.704428936
41049,4.757724565
41061,3.606734257
41063,3.027295347
41045,4.601431024
53033,6.972743967
53061,6.391096916
53035,5.938320556
53037,4.566376131
53073,5.43291584
53057,5.316451685
53029,5.612612881
53055,4.641292407
53053,6.609499168
53009,3.183847064
53031,4.425702857
53041,4.095980818
53067,5.637043515
53027,3.622560423
53045,4.541258868
53049,3.365275952
53015,4.065331839
53011,6.213894388
53039,4.580625745
53059,4.743508737
53069,3.333676485
53007,5.466579159
53017,4.917142803
53047,4.705880343
53025,5.541637192
53077,5.77879316
53063,6.541772722
53043,4.372547712
53065,4.576297802
53075,4.461240762
53001,4.67810292
53019,4.079401554
53051,3.750677149
53021,5.709590566
53005,5.827713685
53071,5.561477004
53013,5.179379113
53023,3.736803204
53003,4.246351662